FileName,Link,Title
0000205592.xml,#section1,Screw Cap Application Unit
0000205591.xml,#section2,Description
0000205590.xml,#section3,Functional Description
0000710557.xml,#section4,Hygiene Risk
0000205589.xml,#section5,Integration in the TT/3
0000205588.xml,#section6,Package Changes
0000205587.xml,#section7,Overview
0000205586.xml,#section8,Duct and Sprue Box
0000205585.xml,#section9,Transfer Unit
0000205584.xml,#section10,Screw Cap Applicator Unit
0000205583.xml,#section11,Screw Cap Handling
0000205622.xml,#section12,CSU
0000205621.xml,#section13,Vision Unit
0000205620.xml,#section14,Setting Sequence
0000205619.xml,#section15,Alarms and Troubleshooting
0000518167.xml,#section16,Overview
0000518153.xml,#section17,"110307771/110307772, Magazine S1/S2, Sleeve Stuck"
0000518152.xml,#section18,"110307811/110307812, Magazine S1/S2, Servo Fault"
0000518151.xml,#section19,"110307791/110307792, Capping Station S1/S2, Sleeve Stuck"
0000518150.xml,#section20,"110307821/110307822,"
0000518149.xml,#section21,"110307781/110307782, CSU S1/S2, Low Level"
0000518148.xml,#section22,"110307741/110707631/110307742/110707632, CSU S1/S1/S2/S2, Lid or Door Open"
0000518147.xml,#section23,"110307751/110307752, CSU S1/S2, Fan Malfunction"
0000518146.xml,#section24,"110307710, Overload protection tripped"
0000518145.xml,#section25,"110630050,"
0000518164.xml,#section26,"110307761/110307762,"
0000518163.xml,#section27,"110307831/110307841/110307832/110307842, Capper Unit S1:1/S1:2/S2:1/S2:2, Servo Fault"
0000518162.xml,#section28,"110307721/110307722, Capper Unit S1/S2, Horizontal Cylinder Wrong Pos"
0000518161.xml,#section29,"110307610, Output Module, Fuse Blown"
0000518160.xml,#section30,"110307600,"
0000518159.xml,#section31,110307861/110307862 Sprue Stuck in Chute
0000518158.xml,#section32,"110307681/110307682, Sprue Box S1/S2, High Level"
0000518157.xml,#section33,"110307851/110307852, Capper Unit S1/S2, Screw Cap Not Correctly Loaded"
0000518156.xml,#section34,"110307731/110307732, Capper Unit S1/S2, Screw Capping Failed"
0000518155.xml,#section35,"110307801/110307802, Screw Cap Lift S1/S2, Servo Fault"
0000518174.xml,#section36,"110307661/110307662, Screw Cap Chute S1/S2, Low Level"
0000518173.xml,#section37,"110307641/110307642, Screw Cap Sorter S1/S2, Warm Motor Overload"
0000518172.xml,#section38,"110707711/110707712, Screw Cap Sorter S1/S2, Low Level"
0000518171.xml,#section39,"110307691/110307692, Screw Cap integrity fault from Vision system S1/S2"
0000518170.xml,#section40,"110307701/110307702, Function Warning Vision system S1/S2"
0000518169.xml,#section41,110307671/110307672 Communication Error Vision System
0000518168.xml,#section42,110307871/110307872 Missing Package from Cap Vision System
0001396527.xml,#section43,"110307911 / 110307912 / 110307921 / 110307922, S1:1 / S1:2 / S2:1 / S2:2, Cap Orientation Failed"
0001396526.xml,#section44,"110307931 / 110307932 / 110307941 / 110307942, S1:1 / S1:2 / S2:1 / S2:2, Unsafe Start Angle for Controlled Capping"
0003962646.xml,#section45,"110307011/110307012 SleeveStop S1/S2, Wrong position"
0001544748.xml,#section46,Troubleshooting
0004131841.xml,#section47,Troubleshoot - Cap Torque Error and Tilted Caps
0004379053.xml,#section48,Troubleshoot - Quick Guide
0004131353.xml,#section49,Troubleshoot - Cap Torque Error Waste
0004130593.xml,#section50,Troubleshoot - Tilted Cap Waste
0005252803.xml,#section51,Troubleshooting C38 Caps
0005252812.xml,#section53,"Cap Trap Lid, Guide, Air, Nozzle - Check"
0005252811.xml,#section54,Cap Chute Lids - Check
0005252810.xml,#section55,"Direction Guide, Air Nozzle - Check"
0005252809.xml,#section56,Bushing - Check
0005252808.xml,#section57,"Cap Loading Piston, Template, Setting - Check"
0005252807.xml,#section58,"Cap Holder, Position Template - Check"
0005252806.xml,#section59,Cap Chute Hatch Setting - Check
0005252805.xml,#section60,Cap Chute Quality - Check
0005252804.xml,#section61,Cap Quality - Check
0005252842.xml,#section63,Lower Forming Tube/Plate - Check
0005252841.xml,#section64,C38 Kit - Check
0005252802.xml,#section65,How to Understand Cap-Related Waste
0005252801.xml,#section66,How to Understand Cap Waste in
0000205681.xml,#section68,Machine Body
0000205680.xml,#section69,Frame
0000205692.xml,#section70,Frame - Set Sprue Level Photocell
0000205691.xml,#section71,Frame - Set Sleeve Edge Photocell
0000205690.xml,#section72,Frame - Change Photocell
0000205679.xml,#section73,Light Fixture
0000205689.xml,#section74,Light Fixture - Change Lamp
0000291884.xml,#section75,Connection Box
0000292937.xml,#section76,Connection Box - Change Fibre Optic Amplifier
0000292936.xml,#section77,Connection Box - Set Fibre Optic Amplifier
0000205678.xml,#section78,Pneumatic Panel
0000205688.xml,#section79,"Pneumatic Panel - Change Filter Insert (Festo, Mecman)"
0000205677.xml,#section80,Valve Panel
0000205687.xml,#section81,"Valve Panel - Change Air Valve (Festo, Mecman)"
0000205676.xml,#section82,Transfer Unit
0000205675.xml,#section83,Magazine
0000205686.xml,#section84,Magazine - Set Home Position
0000205674.xml,#section85,Servomotor
0000205685.xml,#section86,Servomotor - Change Motor
0000205684.xml,#section87,Servomotor - Change Planetary Gear
0000205673.xml,#section88,Drive Unit
0000205683.xml,#section89,Drive Unit - Set Linear Unit
0000205712.xml,#section90,Drive Unit - Set Home Position
0000205711.xml,#section91,Drive Unit - Set Cassette Position
0000205710.xml,#section92,Drive Unit - Set Capping Position
0000205709.xml,#section93,Drive Unit - Change Linear Unit
0000205708.xml,#section94,Drive Unit - Change Motor
0001394829.xml,#section95,Drive Unit - Set Stop Plate
0003716721.xml,#section96,Drive Unit - Change Gear Box
0004119123.xml,#section97,Drive Unit - Lubricate Linear Unit
0001396428.xml,#section100,CAU Stripper - Set Capping Reference
0000205741.xml,#section101,Capping Station
0000205706.xml,#section102,Capping Station - Check Fibre Optic
0000205703.xml,#section103,Capping Station - Set Stop Plate
0000205772.xml,#section104,Capping Station - Set to Package Section
0000205771.xml,#section105,Capping Station - Set Spring
0000205770.xml,#section106,Capping Station - Change Fibre Optic
0000205740.xml,#section107,Screw Cap Handling
0000205739.xml,#section108,Screw Cap Transfer
0000205769.xml,#section109,Screw Cap Transfer - Check Leaf Spring
0000205768.xml,#section110,Screw Cap Transfer - Set Parallelism
0000205767.xml,#section111,Screw Cap Transfer - Set Overloading
0000205766.xml,#section112,Screw Cap Transfer - Set Sensor
0000205765.xml,#section113,Screw Cap Transfer - Set Valve
0000205764.xml,#section114,Screw Cap Transfer - Change Pneumatic Cylinder
0000205763.xml,#section115,Screw Cap Transfer - Change Leaf Spring
0000205822.xml,#section116,Screw Cap Transfer - Change Sensor
0001396426.xml,#section117,Screw Cap Transfer - Check Rotation Stop and Piston Spring
0001396427.xml,#section118,Screw Cap Transfer - Change Rotation Stop and Piston Spring
0002784354.xml,#section119,Screw Cap Transfer - Set Rear Position of the Cylinder
0000205738.xml,#section120,Screw Cap Sorter
0000205821.xml,#section121,Screw Cap Sorter - Check Photocell
0000205820.xml,#section122,Screw Cap Sorter - Set Photocell
0000205819.xml,#section123,Screw Cap Sorter - Set Valve
0000205818.xml,#section124,Screw Cap Sorter - Change Motor
0000205817.xml,#section125,Screw Cap Sorter - Change Photocell
0000205816.xml,#section126,Screw Cap Sorter - Change Valve
0000205815.xml,#section127,Screw Cap Sorter - Change Leaf Spring
0000205737.xml,#section128,Chute
0000205814.xml,#section129,Chute - Check Photocell
0000205813.xml,#section130,Chute - Set Photocell
0000905526.xml,#section131,Chute - Set Valve
0000205842.xml,#section132,Chute - Set Direction Guide and Plate
0000205841.xml,#section133,Chute - Change Photocell
0000905525.xml,#section134,Chute - Change Valve
0003119994.xml,#section135,Chute - Set Direction Guide and Plate
0004131343.xml,#section136,Chute - Set Chute towards Cap Transfer House
0004131843.xml,#section137,Chute - Set Lid Fastener
0004680888.xml,#section138,Chute - Check Cap Chute Cylinder
0004680887.xml,#section139,Chute - Change Cap Chute Cylinder
0000205736.xml,#section140,Discharge Chute
0000205840.xml,#section141,Discharge Chute - Change Pneumatic Cylinder
0004131842.xml,#section142,Discharge Chute - Set Pneumatic Cylinder
0000205735.xml,#section143,Screw Cap Applicator Unit
0000205734.xml,#section144,Capper Unit
0000205839.xml,#section145,Capper Unit - Check Timing Belt
0000205838.xml,#section146,Capper Unit - Check Ball Bearings
0000205837.xml,#section147,Capper Unit - Check Upper Sprocket Ball Bearing
0000205836.xml,#section148,Capper Unit - Check Cylinder
0000205835.xml,#section149,Capper Unit - Basic Set
0000205834.xml,#section150,Capper Unit - Set Timing Belt
0000205833.xml,#section151,Capper Unit - Set Sensor
0000205872.xml,#section152,Capper Unit - Change Ball Bearings
0000205871.xml,#section153,Capper Unit - Change Servomotor
0000205870.xml,#section154,Capper Unit - Change Wheel
0000205869.xml,#section155,Capper Unit - Change Cylinder
0000205868.xml,#section156,Capper Unit - Change Sensor
0000205867.xml,#section157,Capper Unit - Change Ball Bearing
0000659998.xml,#section158,Capper Unit - Set Screw Cap Colours
0002280452.xml,#section159,Capper Unit - Change Cap Holder
0003216101.xml,#section160,Capper Unit - Check Cap Holder
0004333969.xml,#section161,Capper Unit - Basic Set
0004333968.xml,#section162,Capper Unit - Set Sensor
0004333967.xml,#section163,Capper Unit - Change Sensor
0000205733.xml,#section164,Screw Cap Lift
0000205866.xml,#section165,Screw Cap Lift - Check Compact Module Cover
0000205865.xml,#section166,Screw Cap Lift - Set Pneumatic Valve
0000205864.xml,#section167,Screw Cap Lift - Set End Positions
0000205863.xml,#section168,Screw Cap Lift - Lubricate Compact Module
0000205902.xml,#section169,Screw Cap Lift - Change Motor
0000205901.xml,#section170,Screw Cap Lift - Change Planetary Gear
0000205900.xml,#section171,Screw Cap Lift - Change Compact Module
0000205899.xml,#section172,Screw Cap Lift - Change Pneumatic Valve
0000205898.xml,#section173,Screw Cap Lift - Change Compact Module Cover
0001396528.xml,#section174,Controlled Capping
0001396424.xml,#section175,Controlled Capping - Enable / Disable
0001396423.xml,#section176,Controlled Capping - Set Start-Angle
0001396425.xml,#section177,Controlled Capping - Access for Operator
0001435817.xml,#section178,Controlled Capping - Waste Failed Orientations
0000205922.xml,#section179,Doors and Covers
0000205921.xml,#section180,Box
0000205897.xml,#section181,Box - Remove
0000205920.xml,#section182,Duct
0000205896.xml,#section183,Duct - Set Knife
0000205895.xml,#section184,Duct - Set Photocell
0000205894.xml,#section185,Duct - Change Photocell
0000205919.xml,#section186,CSU
0000205918.xml,#section187,Frame
0000205893.xml,#section188,Frame - Check Photocell
0000205942.xml,#section189,Frame - Set Inductive Switch
0000205941.xml,#section190,Frame - Set Photocell
0000205940.xml,#section191,Frame - Clean pipes
0003846078.xml,#section192,Frame - Change Pre-Filter
0003810889.xml,#section193,Frame - Change Cap Container Filter
0003810888.xml,#section194,Frame - Change Filter
0000205937.xml,#section195,Frame - Change Inductive Switch
0000205936.xml,#section196,Frame - Change Photocell
0000205935.xml,#section197,Frame - Change Vibrator
0000205917.xml,#section198,Feed Unit
0000205934.xml,#section199,Feed Unit - Set Fan Speed
0003839432.xml,#section200,Feed Unit - Change Fan
0000205962.xml,#section201,Feed Unit - Conveyer Belt
0001504288.xml,#section202,Feed Unit - Timing Belt
0000205916.xml,#section203,Lid
0000205961.xml,#section204,Lid - Check Gas Spring
0003879577.xml,#section205,Lid - Change Gas Spring
0003978636.xml,#section206,Lid - Change Sealing Strip
0000205915.xml,#section207,Connection Box
0000205914.xml,#section208,Vision Unit
0005117581.xml,#section209,Description
0005117580.xml,#section210,Vision Unit
0000205959.xml,#section211,Vision Unit - Check Curtain
0000205958.xml,#section212,Vision Unit - Set Position
0000205957.xml,#section213,Vision Unit- Set fine adjustment with PC
0000205956.xml,#section214,Vision Unit - Set Fine Adjustment via TPOP
0000205955.xml,#section215,Vision Unit - Set Camera Angle
0000205954.xml,#section216,Vision Unit - Change Curtain
0002989812.xml,#section217,Vision Unit - Set Fine Adjustment for MiniV Nallo
0002988954.xml,#section218,Vision Unit - Check Incorrect Read via
0000205913.xml,#section219,Camera Unit
0000205953.xml,#section220,Position Cylinder - Set
0000205992.xml,#section221,Camera Unit - Set Bottom Format
0000206002.xml,#section222,Guide
0000205991.xml,#section223,Photocell - Check
0000205990.xml,#section224,Photocell - Set
0000205989.xml,#section225,Cylinder - Change
0000205988.xml,#section226,Photocell - Change
0005117579.xml,#section227,Vision Unit
0004913720.xml,#section228,Vision Unit - Set Position
0004913719.xml,#section229,Vision Unit - Set Fine Adjustment via
0004913717.xml,#section230,Vision Unit - Check Incorrect Read via
0004918014.xml,#section231,Camera Unit
0004910335.xml,#section232,Camera Unit - Set the Height of the Frame
0004910334.xml,#section233,Camera Unit - Set the Cover to Horizontal
0004910333.xml,#section234,Camera Unit - Set the Camera
0004918013.xml,#section235,Guide
0004913714.xml,#section236,Guide - Change Photocell
0004910337.xml,#section237,Guide - Set Photocells
0004913715.xml,#section238,Guide - Change Cylinder
0004918012.xml,#section239,Curtain
0004913722.xml,#section240,Curtain - Check Curtain
0004913721.xml,#section241,Curtain - Change Curtain
0005097390.xml,#section242,Vision Unit
0004536343.xml,#section243,Functional Description
0004536353.xml,#section244,Vision Unit - Check Incorrect Read via
0000655115.xml,#section245,Housing
0004536349.xml,#section246,Housing - Check Curtain
0004536348.xml,#section247,Housing - Change Curtain
0004536347.xml,#section248,Housing - Change Photocell
0004536346.xml,#section249,Housing - Set Photocell
0004536345.xml,#section250,Housing - Set Guides
0003953886.xml,#section251,Side Pusher
0004536344.xml,#section252,Side Pusher - Change Cylinder
0004536363.xml,#section253,Side Pusher - Set
0000861535.xml,#section254,HEPA Unit CAU
0000862141.xml,#section255,HEPA Unit - Change HEPA Filter
